,disease,diagnosis lists,manual_label_1,manual label,Score,conversations
0,acne,"['Acne Vulgaris', 'Folliculitis', 'Hidradenitis Suppurativa', 'Sebaceous Cyst']",1,1,5,"[""Patient: I've been having a really bad rash on my skin lately. It's full of pus-filled pimples and blackheads. My skin has also been scarring a lot."", ""Diagnosis: ['Acne Vulgaris', 'Folliculitis', 'Hidradenitis Suppurativa', 'Sebaceous Cyst']"", 'Doctor: To better understand your symptoms, I need some additional information. Could you describe any specific areas of your body where the rash is concentrated? Are there any factors that seem to worsen or improve your condition? Let me know if there are any additional symptoms or details you can provide.', ""Patient: The rash is mainly on my face, but I also have some on my back and shoulders. It seems to get worse when I'm stressed or eat greasy foods. I do not have more information."", ""Diagnosis: ['Acne Vulgaris', 'Folliculitis', 'Hidradenitis Suppurativa', 'Sebaceous Cyst']"", ""Doctor: Based on the symptoms you've described and the locations affected, your condition appears most consistent with Acne Vulgaris. This condition often presents as pus-filled pimples and blackheads, and is known to worsen with stress and certain dietary factors like greasy foods. The scarring and involvement of the face, back, and shoulders are typical as well. You might also want to consider conditions like Folliculitis, Hidradenitis Suppurativa, or Sebaceous Cysts, which can share some overlapping symptoms. It would be advisable to consult a dermatologist or healthcare professional for a definitive diagnosis and treatment recommendations. Since you have no further questions, please take this information to a healthcare provider for personalized medical advice.""]"
1,acne,"['Acne Vulgaris', 'Folliculitis', 'Contact Dermatitis', 'Impetigo']",1,1,5,"[""Patient: I've just developed a severe rash on my skin. It's clogged with pus-filled pimples and blackheads. My skin has also been quite sensitive."", ""Diagnosis: ['Acne Vulgaris', 'Folliculitis', 'Rosacea', 'Contact Dermatitis']"", ""Doctor: The symptoms you describe could potentially align with conditions such as Acne Vulgaris, Folliculitis, Rosacea, or Contact Dermatitis. Given the severity of your rash and the presence of pus-filled pimples, it is important to gather more information to improve the accuracy of the diagnosis. Could you please share additional details, such as any recent changes in skincare products, your diet, or any other symptoms you're experiencing?"", ""Patient: I haven't changed any skincare products recently, and my diet's been the same. I've noticed that my skin has been quite sensitive lately, but I don't have more information."", ""Diagnosis: ['Acne Vulgaris', 'Folliculitis', 'Rosacea', 'Contact Dermatitis']"", ""Doctor: Thank you for sharing that information. With the sensitivity of your skin and the presence of pus-filled pimples, it's important to narrow down the diagnosis by considering other factors, such as any exposure to potential allergens or irritants, your history of allergies, or if you've had any recent illnesses. Could you let me know if you've experienced any of these or if there are any other symptoms you're noticing?"", 'Patient: I do not know.', ""Diagnosis: ['Acne Vulgaris', 'Folliculitis', 'Rosacea', 'Contact Dermatitis']"", 'Doctor: Based on the information you have provided so far and the similarity score being high, it seems likely that your symptoms may align with Acne Vulgaris, Folliculitis, Rosacea, or Contact Dermatitis. If possible, could you provide more insights on factors such as any history of similar outbreaks, family history of skin conditions, or any medications or supplements you are currently taking? This additional information could help in narrowing down the diagnosis further.', ""Patient: I don't really have a family history of skin conditions that I know of. I haven't had similar outbreaks before, this is quite new for me. As for medications or supplements, I'm not taking anything specific right now. I do not have more information."", ""Diagnosis: ['Acne Vulgaris', 'Folliculitis', 'Contact Dermatitis', 'Impetigo']"", ""Doctor: Based on the symptoms you have described, including the severe rash with pus-filled pimples and skin sensitivity, the potential conditions could be Acne Vulgaris, Folliculitis, Contact Dermatitis, or possibly Impetigo. It's important to consult with a healthcare professional for an accurate diagnosis and appropriate treatment plan, especially since this outbreak is new for you and there is no family history of similar skin conditions. Please take care and seek medical attention if your symptoms persist or worsen.""]"
2,allergy,"['Allergic Reaction', 'Contact Dermatitis', 'Urticaria', 'Eczema']",1,1,5,"['Patient: Hello, doctor. My skin is itchy and red, and sometimes, it can peel. My lips and cheeks swell, which is really annoying. I also sometimes get headaches and watery eyes because of the swelling.', ""Diagnosis: ['Allergic Reaction', 'Contact Dermatitis', 'Urticaria', 'Eczema']"", ""Doctor: Based on your symptoms of itchy and red skin, peeling, swelling of lips and cheeks, headaches, and watery eyes, there are a few possible conditions such as an allergic reaction, contact dermatitis, urticaria, or eczema. To improve the accuracy of the diagnosis, could you provide more information? For instance, any recent exposure to new foods, products, or environments, or any patterns you've noticed in your symptoms?"", 'Patient: I do not have more information.', ""Diagnosis: ['Allergic Reaction', 'Contact Dermatitis', 'Urticaria', 'Eczema']"", 'Doctor: Based on the symptoms you provided, including itchy and red skin, peeling, swelling of the lips and cheeks, headaches, and watery eyes, the potential conditions might include an allergic reaction, contact dermatitis, urticaria, or eczema. It would be best to consult with a healthcare professional for an accurate diagnosis and appropriate treatment plan. If any of the symptoms worsen or new symptoms arise, please seek medical attention promptly.']"
3,allergy,"['Allergic Rhinitis', 'Angioedema', 'Viral Upper Respiratory Infection', 'Sinusitis']",1,1,5,"[""Patient: Hello, Doctor. I have a sore throat and I am sneezing all the time. Sometimes my face swells up, especially my lips and the area around my eyes. I can't stop sneezing once I start."", ""Diagnosis: ['Allergic Rhinitis', 'Angioedema', 'Viral Upper Respiratory Infection', 'Sinusitis']"", 'Doctor: To improve the accuracy of the diagnosis, could you please provide more information about any other symptoms you might be experiencing, any known allergies, recent exposures, or whether you have a fever?', ""Patient: I have a sore throat, and I can't stop sneezing once I start. Sometimes my face swells up, especially my lips and the area around my eyes. I do not know about any known allergies and do not have a fever. I do not have more information."", ""Diagnosis: ['Allergic Rhinitis', 'Angioedema', 'Viral Upper Respiratory Infection', 'Sinusitis']"", ""Doctor: Based on the symptoms you've described, including persistent sneezing, facial swelling especially around the lips and eyes, and a sore throat, the potential conditions include Allergic Rhinitis, Angioedema, Viral Upper Respiratory Infection, and Sinusitis. Since you have no further questions, I recommend consulting a medical professional for an accurate diagnosis and appropriate management of your symptoms. Take care.""]"
4,arthritis,"['Rheumatoid Arthritis', 'Polymyalgia Rheumatica', 'Lupus', 'Fibromyalgia']",1,1,5,"[""Patient: Hello, Doctor. I've been feeling really weak in my muscles, and my neck has been really stiff. My joints have been swelling up, and it's hard for me to move around without feeling stiff. Walking has been really painful too."", ""Diagnosis: ['Rheumatoid Arthritis', 'Polymyalgia Rheumatica', 'Lupus', 'Fibromyalgia']"", ""Doctor: Based on the symptoms you've described—muscle weakness, stiff neck, joint swelling, and painful movement—there are a few possible conditions that could be causing these issues. These include Rheumatoid Arthritis, Polymyalgia Rheumatica, Lupus, and Fibromyalgia. However, the current information is not specific enough to make an accurate assessment. Could you provide more details about your symptoms? For example, when did they start, and have they been constant or do they fluctuate?"", 'Patient: The symptoms started a few months ago, and they mostly have been constant. The muscle weakness and neck stiffness are present almost daily. The joint swelling and pain make it especially hard to move around without feeling stiff, and walking is quite painful.', ""Diagnosis: ['Rheumatoid Arthritis', 'Polymyalgia Rheumatica', 'Lupus', 'Fibromyalgia']"", 'Doctor: Thank you for providing that information. Given the constant nature of your symptoms starting a few months ago and the persistent muscle weakness, neck stiffness, joint swelling, and pain during movement, conditions such as Rheumatoid Arthritis, Polymyalgia Rheumatica, Lupus, and Fibromyalgia could be possibilities. However, to improve the accuracy of the diagnosis, I need more details. Could you tell me if there are any specific triggers or relief factors for your symptoms? Also, have you noticed any associated symptoms, such as fever, skin rashes, or changes in appetite or weight?', ""Patient: I do not know. I haven't noticed any specific triggers or relief factors for my symptoms. I also do not have more information concerning associated symptoms like fever, skin rashes, or changes in appetite or weight."", ""Diagnosis: ['Rheumatoid Arthritis', 'Polymyalgia Rheumatica', 'Lupus', 'Fibromyalgia']"", ""Doctor: Based on the persistent muscle weakness, neck stiffness, joint swelling, and painful movement that you have described, Rheumatoid Arthritis, Polymyalgia Rheumatica, Lupus, and Fibromyalgia are relevant considerations. Given that you haven't noticed specific triggers or additional symptoms such as fever, skin rashes, or changes in appetite, it would be beneficial to further investigate these conditions. Would you like to discuss more about your symptoms, or is there anything else you'd like to share that could help refine the diagnosis?"", 'Patient: I do not have more information.', ""Diagnosis: ['Rheumatoid Arthritis', 'Polymyalgia Rheumatica', 'Lupus', 'Fibromyalgia']"", ""Doctor: Based on the information you've provided—persistent muscle weakness, neck stiffness, joint swelling, and painful movement—the conditions Rheumatoid Arthritis, Polymyalgia Rheumatica, Lupus, and Fibromyalgia remain relevant possibilities. However, it's important to consult a medical professional for a thorough examination and accurate diagnosis, as they may consider other less common conditions or additional tests. I recommend reaching out to a healthcare provider to discuss your symptoms in more detail.""]"
5,arthritis,"['Fibromyalgia', 'Polymyalgia Rheumatica', 'Rheumatoid Arthritis', 'Osteoarthritis']",0,1,2,"[""Patient: I've been having a lot of pain in my joints, especially in my neck and shoulders. It's hard to move around and I'm always feeling stiff. I've also been having trouble sleeping because of the pain."", ""Diagnosis: ['Rheumatoid Arthritis', 'Osteoarthritis', 'Fibromyalgia', 'Polymyalgia Rheumatica']"", 'Doctor: To improve the accuracy of the diagnosis, could you provide more information about your symptoms? Are there any signs of swelling or redness around the joints, any fever, recent injuries, or changes in appetite or weight? Your input will help us narrow down the potential causes of your joint pain.', ""Patient: I've been experiencing pain in my joints, particularly in my neck and shoulders. It's been hard to move around, and I feel really stiff all the time. I haven't noticed any swelling or redness around the joints. I do not have a fever, and there haven't been any recent injuries. I haven't noticed any changes in my appetite or weight."", ""Diagnosis: ['Fibromyalgia', 'Polymyalgia Rheumatica', 'Rheumatoid Arthritis', 'Osteoarthritis']"", 'Doctor: Thank you for providing additional information. Since there is no swelling, redness, or fever, conditions like Fibromyalgia or Polymyalgia Rheumatica might be more likely. These often involve pain and stiffness in muscles and joints without noticeable swelling. However, we should also consider Rheumatoid Arthritis and Osteoarthritis due to the chronic nature of your symptoms. Could you tell me more about the duration of your symptoms, any other areas experiencing pain, or if any activities worsen or relieve the discomfort? This will help refine our diagnosis.', ""Patient: I've been experiencing these symptoms for several months now. The pain is mainly in my neck and shoulders, but sometimes I feel it in my knees and hips as well. Moving around, especially in the morning, makes it worse, and I feel really stiff when I wake up. Taking it easy and a bit of rest sometimes help relieve the discomfort a bit."", ""Diagnosis: ['Fibromyalgia', 'Polymyalgia Rheumatica', 'Rheumatoid Arthritis', 'Osteoarthritis']"", 'Doctor: Based on your symptoms of joint pain and stiffness, especially after periods of inactivity, conditions like Fibromyalgia or Polymyalgia Rheumatica remain strong possibilities. Both could account for widespread pain and morning stiffness without significant swelling or fever. Rheumatoid Arthritis and Osteoarthritis also remain in consideration due to the chronic, worsening nature of your discomfort. Would you like to provide more specifics about any patterns or changes over the day, or any other accompanying symptoms, like fatigue or mood changes, which could further aid in pinpointing the diagnosis?', ""Patient: I've noticed that the pain and stiffness tend to be worse in the morning when I wake up and after I've been sitting still for a while. I also feel really tired a lot of the time. I haven't noticed any significant changes in my mood, though."", ""Diagnosis: ['Fibromyalgia', 'Polymyalgia Rheumatica', 'Rheumatoid Arthritis', 'Osteoarthritis']"", 'Doctor: Based on the detailed symptoms you provided and the similarity score, it appears that Fibromyalgia and Polymyalgia Rheumatica are quite relevant due to the widespread pain, stiffness especially after inactivity, and fatigue. Rheumatoid Arthritis and Osteoarthritis also remain possibilities given the chronic nature of your discomfort and morning stiffness. Please let me know if there are any other symptoms or details you would like to discuss to help refine the diagnosis further.', 'Patient: I do not have more information.', ""Diagnosis: ['Fibromyalgia', 'Polymyalgia Rheumatica', 'Rheumatoid Arthritis', 'Osteoarthritis']"", ""Doctor: Based on the symptoms you've described and the information you've provided, Fibromyalgia and Polymyalgia Rheumatica are the most relevant conditions due to the widespread pain, stiffness especially after inactivity, and fatigue. Rheumatoid Arthritis and Osteoarthritis also continue to be possibilities given the chronic nature of your discomfort and morning stiffness. I recommend consulting a medical professional for a thorough examination and to explore further diagnostic options like imaging or lab tests. Please reach out if you have more questions or need further assistance.""]"
6,bronchial asthma,"['Asthma', 'Chronic Obstructive Pulmonary Disease (COPD)', 'Bronchitis', 'Pneumonia']",1,1,5,"[""Patient: I've been having a hard time breathing lately. I feel like I can't get enough air, and my chest feels tight. I've also been coughing a lot, and I've been producing a lot of mucus."", ""Diagnosis: ['Asthma', 'Chronic Obstructive Pulmonary Disease (COPD)', 'Bronchitis', 'Pneumonia']"", ""Doctor: The symptoms you're experiencing, such as difficulty breathing, chest tightness, cough, and mucus production, could be indicative of several respiratory conditions like asthma, COPD, bronchitis, or pneumonia. To improve the accuracy of the diagnosis, could you please provide more information about other symptoms you might be experiencing or any relevant medical history?"", 'Patient: I do not have more information.', ""Diagnosis: ['Asthma', 'Chronic Obstructive Pulmonary Disease (COPD)', 'Bronchitis', 'Pneumonia']"", ""Doctor: Based on the symptoms you've described and our conversation, your symptoms could be indicative of respiratory conditions such as asthma, COPD, bronchitis, or pneumonia. Although additional information can further refine a diagnosis, given the similarities of your symptoms to these conditions, it's crucial to consult a medical professional for a thorough evaluation and appropriate treatment.""]"
7,bronchial asthma,"['Chronic Obstructive Pulmonary Disease (COPD)', 'Asthma', 'Acute Bronchitis', 'Emphysema']",0,1,4,"[""Patient: Hello, doctor. I've been having a hard time breathing. I'm also coughing a lot and bringing up a thick, sticky mucus. I've been feeling really tired and weak as well."", ""Diagnosis: ['Chronic Obstructive Pulmonary Disease (COPD)', 'Asthma', 'Pneumonia', 'Acute Bronchitis']"", ""Doctor: Hello, it sounds like you're experiencing some significant respiratory symptoms. To improve the accuracy of the diagnosis, could you please provide more details? For example, how long have you been experiencing these symptoms? Are the symptoms more severe during certain times of the day or after specific activities? Any additional symptoms like fever or wheezing?"", ""Patient: I've been having these symptoms for a while, maybe a few weeks. They seem to get worse after I do physical activities or in the early morning and late at night. I do hear some wheezing when I breathe, but I don't have a fever."", ""Diagnosis: ['Chronic Obstructive Pulmonary Disease (COPD)', 'Asthma', 'Pneumonia', 'Acute Bronchitis']"", 'Doctor: Thank you for providing more details. Based on your symptoms—difficulty in breathing, coughing with mucus, fatigue, and wheezing without a fever—possible conditions include Chronic Obstructive Pulmonary Disease (COPD), Asthma, Pneumonia, or Acute Bronchitis. Your symptoms lasting a few weeks, worsening after physical activity, and occurring more in the early morning or late at night are important details. Would you like to provide any additional information to help refine the diagnosis, such as any history of smoking or other underlying health conditions?', 'Patient: I do not have more information.', ""Diagnosis: ['Chronic Obstructive Pulmonary Disease (COPD)', 'Asthma', 'Acute Bronchitis', 'Emphysema']"", ""Doctor: Based on the symptoms you've described—difficulty breathing, coughing with mucus, fatigue, wheezing, and the timing of symptoms in relation to physical activities—it appears that the most likely conditions could include Chronic Obstructive Pulmonary Disease (COPD), Asthma, Acute Bronchitis, or possibly Emphysema. I recommend following up with a medical professional who can conduct a more thorough examination and potentially perform diagnostic tests to reach a definitive diagnosis. Take care and ensure you get the appropriate medical evaluation.""]"
8,cervical spondylosis,"['Spinal Cord Compression', 'Multiple Sclerosis', 'Lyme Disease', 'Cervical Spondylosis']",0,1,1,"[""Patient: Hello, doctor. I've been having back pain for a while now, and it seems to be getting worse. I also have a cough that won't go away. I've been feeling weak in my arms and legs, my neck hurts, and I've been feeling dizzy and off balance."", ""Diagnosis: ['Spinal Cord Compression', 'Multiple Sclerosis', 'Lyme Disease', 'Cervical Spondylosis']"", ""Doctor: It sounds like you're experiencing a combination of symptoms including back pain, persistent cough, weakness in your limbs, neck pain, dizziness, and balance issues. These could be indicative of several conditions such as Spinal Cord Compression, Multiple Sclerosis, Lyme Disease, or Cervical Spondylosis. To improve the accuracy of the diagnosis, could you provide more details about your symptoms? For example, have you noticed any specific triggers for these symptoms or any recent changes in your health?"", ""Patient: I don't know."", ""Diagnosis: ['Spinal Cord Compression', 'Multiple Sclerosis', 'Lyme Disease', 'Cervical Spondylosis']"", ""Doctor: Thank you for sharing that information. To better understand your condition and improve the accuracy of our diagnosis, it would be helpful to know if you've experienced any recent infections, injuries, or significant stress. Additionally, you could tell me if there's been any change in bowel or bladder function or if the dizziness happens during specific activities. Your input will help narrow down the possibilities. Please let me know if you would like to share more information."", 'Patient: I do not have more information.', ""Diagnosis: ['Spinal Cord Compression', 'Multiple Sclerosis', 'Lyme Disease', 'Cervical Spondylosis']"", ""Doctor: Based on your symptoms of back pain, persistent cough, limb weakness, neck pain, dizziness, and balance issues, these could potentially indicate conditions such as Spinal Cord Compression, Multiple Sclerosis, Lyme Disease, or Cervical Spondylosis. It's important to consult with a medical professional who can perform a thorough examination and potentially order diagnostic tests to determine the exact cause of your symptoms. Please seek medical attention promptly to address these concerns.""]"
9,cervical spondylosis,"['Cervical Spondylosis', 'Cervical Disc Herniation', 'Multiple Sclerosis', 'Peripheral Neuropathy']",1,1,5,"[""Patient: I've been having trouble with my neck. It's been hurting, and I've been having trouble staying balanced. I've also been having numbness in my arms and legs."", ""Diagnosis: ['Cervical Spondylosis', 'Cervical Disc Herniation', 'Multiple Sclerosis', 'Peripheral Neuropathy']"", ""Doctor: From your description of neck pain, balance issues, and numbness in the arms and legs, several conditions such as Cervical Spondylosis or Cervical Disc Herniation could be considered. There are also possibilities like Multiple Sclerosis or Peripheral Neuropathy. To improve the accuracy of the diagnosis, could you provide more information about how long you've been experiencing these symptoms, any recent injuries, or if there are other symptoms you've noticed?"", ""Patient: I've been experiencing these symptoms for a few weeks now. I haven't had any recent injuries that I can think of. Other than the neck pain, trouble with balance, and numbness in my arms and legs, I do not have more information."", ""Diagnosis: ['Cervical Spondylosis', 'Cervical Disc Herniation', 'Multiple Sclerosis', 'Peripheral Neuropathy']"", ""Doctor: Given your symptoms of neck pain, balance issues, and numbness in the arms and legs without a recent injury, conditions like Cervical Spondylosis and Cervical Disc Herniation remain possible. Multiple Sclerosis and Peripheral Neuropathy also need to be considered. It's important to get a thorough clinical evaluation and possibly imaging studies done. Can you tell me more about any other symptoms or changes you've noticed in your daily routine or activities?"", 'Patient: I do not have more information.', ""Diagnosis: ['Cervical Spondylosis', 'Cervical Disc Herniation', 'Multiple Sclerosis', 'Peripheral Neuropathy']"", 'Doctor: Based on your symptoms of neck pain, balance issues, and numbness in the arms and legs, potential conditions could include Cervical Spondylosis or Cervical Disc Herniation, and neurological conditions such as Multiple Sclerosis or Peripheral Neuropathy. I strongly advise consulting a healthcare professional for a thorough evaluation and appropriate diagnostic testing as these can provide a clearer understanding and necessary treatment. If there are any changes in your symptoms or new symptoms develop, please seek medical attention promptly.']"
10,chicken pox,"['Viral Infection', 'Bacterial Skin Infection', 'Allergic Reaction', 'Autoimmune Disorder']",1,1,5,"[""Patient: Hello. I've had a high fever for the past few days, and I'm not sure what's causing it. I also noticed rashes on my skin, and it's hard for me to resist scratching."", ""Diagnosis: ['Viral Infection', 'Allergic Reaction', 'Bacterial Skin Infection', 'Autoimmune Disorder']"", 'Doctor: I see that you have been experiencing a high fever and skin rashes that are itchy. These symptoms can be caused by several conditions, such as a viral infection, an allergic reaction, or a bacterial skin infection. Sometimes, autoimmune disorders can also present with similar symptoms. To improve the accuracy of the diagnosis, could you provide more details about your symptoms? For example, have you experienced any other symptoms like joint pain, fatigue, or changes in appetite? Also, do you recall any recent travel, insect bites, or new medications that could be relevant?', ""Patient: I have not noticed any joint pain, but I do feel quite fatigued. I do not remember traveling recently or any insect bites. I haven't started any new medications either. As for my appetite, it hasn't changed significantly. I do not have more information."", ""Diagnosis: ['Viral Infection', 'Bacterial Skin Infection', 'Allergic Reaction', 'Autoimmune Disorder']"", 'Doctor: Your symptoms are consistent with several possible conditions, such as a viral infection, which often involves fatigue, or a bacterial skin infection, which could cause rashes and fever. Allergic reactions and autoimmune disorders can also present similarly. Given the provided symptoms and context, it is important to consult a medical professional for a precise diagnosis and appropriate treatment. Take care and consider seeking medical advice promptly.']"
11,chicken pox,"['Viral Exanthem', 'Allergic Reaction', 'Scarlet Fever', 'Thrombocytopenia']",1,1,5,"[""Patient: Hello! I've got these small red spots all over my body, and I can't quite figure out where they came from. It's really worrying me. I've been feeling extremely tired and I get a mild fever every night."", ""Diagnosis: ['Viral Exanthem', 'Allergic Reaction', 'Scarlet Fever', 'Thrombocytopenia']"", ""Doctor: It sounds like you're experiencing a rash along with fever and fatigue. There are several possibilities, such as a viral exanthem, an allergic reaction, scarlet fever, or thrombocytopenia. Could you tell me more about your symptoms, such as whether the spots are itchy or painful, or if you've noticed any new medications or foods you've been exposed to? This will help narrow down the possibilities."", ""Patient: The spots are quite itchy, but they are not painful. I haven't started any new medications or consumed any new foods recently."", ""Diagnosis: ['Viral Exanthem', 'Allergic Reaction', 'Scarlet Fever', 'Thrombocytopenia']"", ""Doctor: Since the spots are itchy but not painful, and without any new medications or foods involved, the possible causes could include a viral exanthem, an allergic reaction, or scarlet fever. However, the information you've provided isn't quite enough to narrow it down definitively. Can you tell me if you've had any recent infections, travel, or exposure to unusual environments, or if there are other symptoms such as sore throat, swollen lymph nodes, or changes in your weight or appetite?"", 'Patient: I do not know. I do not have more information.', ""Diagnosis: ['Viral Exanthem', 'Allergic Reaction', 'Scarlet Fever', 'Thrombocytopenia']"", 'Doctor: Based on the symptoms you have described and considering both relevant medical cases and general medical knowledge, the potential causes for your condition could include a viral exanthem, an allergic reaction, scarlet fever, or thrombocytopenia. Since you mentioned that you have no further questions or information, it would be wise to consult with a medical professional in person. They can perform a physical examination and possibly run tests to provide a definitive diagnosis and appropriate treatment.']"
12,common cold,"['Sinusitis', 'Influenza', 'Mononucleosis', 'Upper Respiratory Infection']",0,1,4,"[""Patient: I feel weak and my lymph nodes are swollen. My eyes burn and my throat hurts. My sinuses are congested and my nose is stuffy. I can't smell anything and my chest hurts."", ""Diagnosis: ['Sinusitis', 'Influenza', 'Mononucleosis', 'Upper Respiratory Infection']"", 'Doctor: Based on your symptoms of weakness, swollen lymph nodes, burning eyes, sore throat, congested sinuses, loss of smell, and chest pain, there are several possible conditions to consider. These include sinusitis, influenza, mononucleosis, and upper respiratory infections. Could you please provide more information about the duration of your symptoms, any recent illnesses, or other relevant factors to help improve the accuracy of the diagnosis?', 'Patient: I started feeling this way a few days ago. I do not have more information.', ""Diagnosis: ['Sinusitis', 'Influenza', 'Mononucleosis', 'Upper Respiratory Infection']"", ""Doctor: Based on the information you have provided and the cases reviewed, the possible conditions you could be experiencing include sinusitis, influenza, mononucleosis, or an upper respiratory infection. Since you have no further questions, I recommend you consult a medical professional for a thorough examination and appropriate treatment. It's important to address these symptoms promptly, especially considering the involvement of your lymph nodes and sinus congestion.""]"
13,common cold,"['Flu (Influenza)', 'COVID-19', 'Sinusitis', 'Acute Bronchitis']",1,1,5,"[""Patient: I've been coughing a lot, and I'm freezing. My nose is stuffed up, and my face hurts. I've also been coughing up some nasty stuff, my chest hurts, and my muscles are sore. I can't smell anything."", ""Diagnosis: ['Sinusitis', 'Flu (Influenza)', 'Acute Bronchitis', 'COVID-19']"", ""Doctor: It sounds like you're experiencing a range of symptoms that could be linked to several conditions such as sinusitis, the flu, acute bronchitis, or even COVID-19. To improve the accuracy of the diagnosis, could you tell me more about the duration of your symptoms and whether you have any other symptoms such as fever, headache, sore throat, or fatigue?"", ""Patient: I've been feeling this way for a few days now. I do have a headache, sore throat, and I've been feeling really tired as well. I'm not sure about having a fever though."", ""Diagnosis: ['Flu (Influenza)', 'COVID-19', 'Sinusitis', 'Acute Bronchitis']"", 'Doctor: Thank you for providing more information. Based on your symptoms, including a headache, sore throat, fatigue, and inability to smell, the most relevant possibilities could be related to viral infections such as the Flu or COVID-19, as well as conditions like sinusitis or acute bronchitis. To further narrow down the diagnosis, could you observe if you develop a fever or notice any changes in your symptoms? Sharing if anyone around you has been sick or any recent exposure to contagious conditions could also help.', 'Patient: I do not know.', ""Diagnosis: ['Flu (Influenza)', 'COVID-19', 'Sinusitis', 'Acute Bronchitis']"", ""Doctor: Based on the similarity score and the symptoms you've mentioned, there's a strong possibility that your condition could be related to viral infections like the Flu or COVID-19, as well as conditions such as sinusitis or acute bronchitis. Would you like to provide more details or have any questions about these conditions or your symptoms?"", 'Patient: I do not have more information.', ""Diagnosis: ['Flu (Influenza)', 'COVID-19', 'Sinusitis', 'Acute Bronchitis']"", ""Doctor: Based on your symptoms and the information provided, it is likely that your condition could be related to viral infections such as the Flu or COVID-19, as well as conditions like sinusitis or acute bronchitis. Given that you don't have further questions, I recommend consulting a medical professional for a thorough evaluation and to conduct any necessary tests for confirmation. It is important to monitor your symptoms, especially if you notice any worsening or new symptoms like a fever. Please take care and seek medical assistance if needed.""]"
14,diabetes,"['Diabetes Mellitus', 'Hypothyroidism', 'Chronic Fatigue Syndrome', 'Anxiety Disorder']",1,1,5,"[""Patient: I've been experiencing mood swings and trouble concentrating. My mind often feels hazy and foggy, making it difficult to do even regular chores. I also feel very thirsty frequently and have to pee a lot."", ""Diagnosis: ['Diabetes Mellitus', 'Hypothyroidism', 'Chronic Fatigue Syndrome', 'Anxiety Disorder']"", 'Doctor: In order to improve the accuracy of my diagnosis, can you provide more information about your symptoms? For example, have you noticed any weight changes, changes in appetite, or other symptoms not yet mentioned? This will help in narrowing down the possible conditions.', ""Patient: I have noticed I'm more thirsty than usual, and I need to pee a lot. As for weight changes or appetite, I do not have more information."", ""Diagnosis: ['Diabetes Mellitus', 'Hypothyroidism', 'Chronic Fatigue Syndrome', 'Anxiety Disorder']"", ""Doctor: Thank you for sharing more information. Based on what you've described, your increased thirst and frequent urination could be indicative of Diabetes Mellitus. However, given the mood swings and cognitive symptoms, Hypothyroidism, Chronic Fatigue Syndrome, and Anxiety Disorder are also considerations. To improve the accuracy of the diagnosis, could you provide more information about any weight changes, appetite alterations, or if there are specific times of the day these symptoms are more noticeable?"", 'Patient: I do not have more information.', ""Diagnosis: ['Diabetes Mellitus', 'Hypothyroidism', 'Chronic Fatigue Syndrome', 'Anxiety Disorder']"", ""Doctor: Based on the symptoms you've described, such as increased thirst, frequent urination, mood swings, and difficulty concentrating, Diabetes Mellitus seems to be the most likely condition. Additionally, Hypothyroidism, Chronic Fatigue Syndrome, and Anxiety Disorder are potential considerations. Given that you have no further details to provide, I recommend consulting with a medical professional for a comprehensive examination and appropriate diagnostic tests to confirm the condition and receive suitable treatment.""]"
15,diabetes,"['Diabetes Mellitus', 'Diabetes Insipidus', 'Hyperthyroidism', ""Cushing's Syndrome""]",1,1,5,"[""Patient: Hello, Doctor. I've been drinking a lot more water than usual and going to the bathroom more frequently. My mouth and throat are always dry, and I've been really hungry and eating a lot more lately."", 'Diagnosis: [\'Diabetes Mellitus\', \'Diabetes Insipidus\', \'Hyperthyroidism\', ""Cushing\'s Syndrome""]', ""Doctor: Based on the symptoms you've described, there are a few possible conditions that could be considered, such as Diabetes Mellitus, Diabetes Insipidus, Hyperthyroidism, or Cushing's Syndrome. However, I need more information to improve the accuracy of the diagnosis. Could you tell me if you're experiencing any weight changes, fatigue, or any other symptoms?"", ""Patient: I've been experiencing weight loss recently, despite eating a lot more lately. I've also been feeling more tired than usual. I do not have more information."", 'Diagnosis: [\'Diabetes Mellitus\', \'Diabetes Insipidus\', \'Hyperthyroidism\', ""Cushing\'s Syndrome""]', ""Doctor: Based on the symptoms you've described and the fact that you've been experiencing weight loss and fatigue alongside increased thirst and urination, the most likely condition might be Diabetes Mellitus. Other possibilities include Diabetes Insipidus, Hyperthyroidism, or Cushing's Syndrome. I strongly recommend consulting a medical professional for a thorough examination and testing to confirm the diagnosis and discuss an appropriate treatment plan. If there are any changes in your symptoms or if you think of more questions in the future, please reach out to a healthcare provider.""]"
16,dimorphic hemorrhoids,"['Hemorrhoids', 'Anal Fissures', 'Colorectal Cancer', 'Diverticulosis']",1,1,5,"[""Patient: I've been experiencing constipation and discomfort with bowel movements. My anus is quite inflamed, and my stools have been very bloody. There's also pain in my anus."", ""Diagnosis: ['Hemorrhoids', 'Anal Fissures', 'Colorectal Cancer', 'Diverticulosis']"", ""Doctor: Based on the symptoms you're experiencing, such as constipation, bloody stools, inflamed anus, and anal pain, there are a few potential conditions that may be relevant. These include hemorrhoids, anal fissures, colorectal cancer, and diverticulosis. To improve the accuracy of the diagnosis, could you provide more details about your symptoms? For instance, how long have you had these symptoms? Do you have any other symptoms such as weight loss or fatigue?"", ""Patient: I've been experiencing these symptoms for a few weeks now. I don't have any noticeable weight loss or fatigue. The main issues have been constipation, bloody stools, and pain in my anus. The inflammation and discomfort during bowel movements are also persistent. I do not have more information."", ""Diagnosis: ['Hemorrhoids', 'Anal Fissures', 'Colorectal Cancer', 'Diverticulosis']"", ""Doctor: Based on your reported symptoms of constipation, bloody stools, anal pain, and inflammation, the most relevant conditions to consider are hemorrhoids, anal fissures, colorectal cancer, and diverticulosis. Given the persistence of your symptoms for a few weeks, it's crucial to consult a medical professional promptly for a thorough examination and appropriate management. Remember, early diagnosis and treatment can lead to better outcomes.""]"
17,dimorphic hemorrhoids,"['Hemorrhoids', 'Anal Fissure', 'Colorectal Cancer', 'Inflammatory Bowel Disease']",1,1,5,"[""Patient: Hello! Lately, I've been experiencing constipation and pain during bowel movements. I've noticed that my stool has been really bloody, and my anus has been really irritated."", ""Diagnosis: ['Hemorrhoids', 'Anal Fissure', 'Colorectal Cancer', 'Inflammatory Bowel Disease']"", ""Doctor: Based on the symptoms you described, such as constipation, pain with bowel movements, bloody stools, and anal irritation, there are several conditions that could be contributing to these symptoms. It's important to gather more information for a more accurate assessment. Could you please provide information on any additional symptoms you might be experiencing, such as changes in bowel habits, weight loss, or abdominal pain? This will help narrow down the possibilities."", 'Patient: I do not have more information.', ""Diagnosis: ['Hemorrhoids', 'Anal Fissure', 'Colorectal Cancer', 'Inflammatory Bowel Disease']"", 'Doctor: Based on the symptoms you have described—constipation, pain during bowel movements, bloody stools, and anal irritation—the most relevant conditions that could be contributing to these symptoms are Hemorrhoids, Anal Fissure, Colorectal Cancer, and Inflammatory Bowel Disease. These conditions vary in severity, so it’s crucial to consult a healthcare professional for an accurate diagnosis and appropriate treatment. The presence of bloody stools, in particular, warrants prompt medical attention.']"
18,fungal infection,"['Eczema', 'Psoriasis', 'Contact Dermatitis', 'Fungal Infection of the Skin']",0,1,1,"['Patient: I have a rash all over my body. It is itchy and red. There are some patches that are a different color than the rest of my skin. I also have some pimples that look like little balls.', ""Diagnosis: ['Contact Dermatitis', 'Psoriasis', 'Eczema', 'Hives']"", ""Doctor: Based on the symptoms you described, this could potentially be contact dermatitis, psoriasis, eczema, or hives. However, I would need more information to improve the accuracy of the diagnosis. Could you tell me if you've been in contact with any new substances, if there's a family history of skin conditions, or if you've experienced any other symptoms like fever or joint pain?"", ""Patient: I do not know. I haven't been in contact with any new substances that I am aware of. I also do not have more information about any family history of skin conditions. I haven't experienced fever or joint pain."", ""Diagnosis: ['Contact Dermatitis', 'Psoriasis', 'Eczema', 'Hives']"", ""Doctor: Thank you for providing more information. Since you haven’t been in contact with any new substances and there's no family history you are aware of, let's focus on the nature of the rash. Does the rash change or spread with exposure to sunlight? Are there any specific areas where the pimples or colored patches are concentrated, like elbows, knees, face, or hands? This information can help narrow down the possibilities."", ""Patient: I haven't noticed if the rash changes with exposure to sunlight. The colored patches and pimples are more spread across my body rather than being concentrated in specific areas like elbows, knees, face, or hands. "", ""Diagnosis: ['Eczema', 'Psoriasis', 'Contact Dermatitis', 'Hives']"", ""Doctor: Based on the information you've provided so far, the rash could be eczema, psoriasis, contact dermatitis, or hives. Eczema and psoriasis typically cover broader areas of the body, which aligns with your symptoms. Contact dermatitis often involves recent exposure to a new substance, which you've ruled out. Hives can be generalized as well. Would you like to provide more specifics about the rash and its progression, or is there anything else you would like to know about these conditions?"", ""Patient: Sure, the rash is itchy and red, with some patches having a different color than the rest of my skin. There are also some pimples that look like little balls. It hasn't improved much, and sometimes the itching gets worse. I do not have more information."", ""Diagnosis: ['Eczema', 'Psoriasis', 'Contact Dermatitis', 'Fungal Infection of the Skin']"", 'Doctor: Based on the symptoms you have described – an itchy, red rash with some colored patches and pimples spread across the body – the possible conditions are eczema, psoriasis, contact dermatitis, or a fungal infection of the skin. Given that there has been no change or specific triggers mentioned, eczema and psoriasis remain strong possibilities, and a fungal infection could also account for this generalized rash unless there are exclusions based on duration and specific characteristics. I recommend consulting a healthcare professional who can conduct an examination or possibly a skin biopsy to get a more definitive diagnosis and appropriate treatment.']"
19,fungal infection,"['Allergic Dermatitis', 'Contact Dermatitis', 'Folliculitis', 'Psoriasis']",0,0,0,"['Patient: I have red spots all over my body, and they are itchy. Some of the spots are a different color than my skin. I also have some lumps or pimples on my skin.', ""Diagnosis: ['Allergic Dermatitis', 'Contact Dermatitis', 'Chickenpox', 'Folliculitis']"", ""Doctor: Based on your symptoms of red, itchy spots and lumps on your skin, there are several potential conditions that could be causing this, such as allergic dermatitis, contact dermatitis, chickenpox, or folliculitis. Could you provide more information about when the spots appeared, any recent changes in skincare products or exposures, if you've had a fever, or if there are any other accompanying symptoms? This additional information can help improve the accuracy of the diagnosis."", ""Patient: The red, itchy spots appeared a few days ago. I haven't changed any skincare products recently or been exposed to anything unusual that I know of. I do not have a fever, and there's nothing else that seems to be occurring apart from the lumps and the different-colored spots. I don't have more information."", ""Diagnosis: ['Allergic Dermatitis', 'Contact Dermatitis', 'Folliculitis', 'Psoriasis']"", ""Doctor: Based on the symptoms you've described, including the red, itchy spots and lumps on your skin, the possible conditions include allergic dermatitis, contact dermatitis, folliculitis, and even psoriasis. Since you haven't noticed any other symptoms like fever or changes in skincare products, it's important to observe if these symptoms persist or change. I highly recommend consulting with a healthcare professional for a thorough examination and appropriate diagnosis. It was great assisting you, and please feel free to reach out if you have more questions in the future.""]"
20,gastroesophageal reflux disease,"['Gastroesophageal Reflux Disease (GERD)', 'Gastroparesis', 'Hiatal Hernia', 'Esophagitis']",1,1,5,"[""Patient: I've been having trouble swallowing, and I don't feel like eating much. I often feel full even after eating a small amount. I also experience heartburn, nausea, and sometimes a tingling sensation in my throat."", ""Diagnosis: ['Gastroesophageal Reflux Disease (GERD)', 'Esophagitis', 'Hiatal Hernia', 'Achalasia']"", ""Doctor: Based on the symptoms you've described—a difficulty swallowing, feeling full quickly, heartburn, nausea, and a tingling sensation in the throat—there are several possible conditions. To improve the accuracy of the diagnosis, could you provide more details about when these symptoms occur and any other changes you have noticed?"", ""Patient: I notice the symptoms mostly after eating. The heartburn and nausea can happen at other times, but they're definitely worse after meals. I do not have more information."", ""Diagnosis: ['Gastroesophageal Reflux Disease (GERD)', 'Gastroparesis', 'Hiatal Hernia', 'Esophagitis']"", 'Doctor: Based on the symptoms you have described, such as difficulty swallowing, feeling full quickly after eating, heartburn, and nausea that worsen after meals, there are several possible conditions. These include Gastroesophageal Reflux Disease (GERD), Gastroparesis, Hiatal Hernia, and Esophagitis. Given that you have no further questions, I advise consulting with a medical professional to receive a thorough examination and appropriate testing. This will help confirm the diagnosis and determine the best course of treatment for your specific situation.']"
21,gastroesophageal reflux disease,"['Gastroesophageal Reflux Disease (GERD)', 'Esophagitis', 'Achalasia', 'Hiatal Hernia']",1,1,5,"[""Patient: Hello, Doctor. I'm having trouble eating, and it's hard to swallow. I feel full even after eating a small meal. I also have nausea, heartburn, and a tingling sensation in my throat."", ""Diagnosis: ['Gastroesophageal Reflux Disease (GERD)', 'Esophagitis', 'Achalasia', 'Hiatal Hernia']"", 'Doctor: Thank you for sharing your symptoms. Based on the information provided, there are a few possible conditions that could be affecting you. These include Gastroesophageal Reflux Disease (GERD), Esophagitis, Achalasia, and Hiatal Hernia. To improve the accuracy of the diagnosis, could you please tell me if you are experiencing any weight loss, fever, or recent changes in diet or medication? Any additional details would be very helpful.', ""Patient: I do not have any weight loss or fever. I haven't had any recent changes in my diet or medication either."", ""Diagnosis: ['Gastroesophageal Reflux Disease (GERD)', 'Esophagitis', 'Achalasia', 'Hiatal Hernia']"", ""Doctor: Thank you for the additional information. Since there are no changes in your diet or medication, and no weight loss or fever, this could further support the potential diagnoses of GERD, Esophagitis, Achalasia, or a Hiatal Hernia. Your symptoms of difficulty swallowing and feeling full after small meals align with these conditions. Are there any other symptoms you're experiencing, such as chest pain, coughing, or changes in your voice? Any additional details can help refine the diagnosis."", 'Patient: I do feel heartburn and a tingling sensation in my throat. I do not have more information.', ""Diagnosis: ['Gastroesophageal Reflux Disease (GERD)', 'Esophagitis', 'Achalasia', 'Hiatal Hernia']"", ""Doctor: Based on the symptoms you've described, such as trouble swallowing, feeling full after small meals, nausea, heartburn, and a tingling sensation in your throat, the potential conditions include Gastroesophageal Reflux Disease (GERD), Esophagitis, Achalasia, and Hiatal Hernia. These conditions can cause the symptoms you're experiencing. Given that you have no additional symptoms to report and no recent changes in diet or medication, I recommend consulting with a medical professional for a thorough examination and appropriate testing to confirm the diagnosis and discuss treatment options.""]"
22,hypertension,"['Heart-related issues', 'Heat exhaustion', 'Dehydration', 'Anxiety attack']",0,0,0,"[""Patient: Hello, doctor. I was in the middle of a workout when I suddenly felt lightheaded and dizzy. I also experienced a headache and some chest pain. Since then, I've been having trouble balancing myself."", ""Diagnosis: ['Dehydration', 'Heat exhaustion', 'Anxiety attack', 'Heart-related issues']"", ""Doctor: It's important to gather more information to improve the accuracy of the diagnosis. Could you please let me know if you have been experiencing any other symptoms such as nausea, sweating, shortness of breath, or if you have any pre-existing medical conditions? Additionally, have you consumed enough fluids before your workout, or was the environment particularly hot or physically demanding?"", 'Patient: I have been experiencing some sweating and shortness of breath. I do not have any pre-existing medical conditions that I know of. I think I drank enough fluids, and the environment was not particularly hot or demanding.', ""Diagnosis: ['Dehydration', 'Heat exhaustion', 'Anxiety attack', 'Heart-related issues']"", ""Doctor: Thank you for providing more information. Given your symptoms of lightheadedness, dizziness, headache, chest pain, trouble balancing, sweating, and shortness of breath, we still need to narrow down the possible causes. It's reassuring to know that you don't have any pre-existing conditions and that you believe you consumed enough fluids. However, I would like to gather additional details such as the duration of your symptoms, any particular triggers, and whether the chest pain radiated to any other parts of your body. These details can help us make a more accurate assessment."", ""Patient: The symptoms started suddenly during my workout, and they've been lasting since then. I didn't notice any specific triggers, it just happened out of the blue. As for the chest pain, it didn't really radiate anywhere else; it was mainly in my chest area."", ""Diagnosis: ['Heart-related issues', 'Heat exhaustion', 'Dehydration', 'Anxiety attack']"", ""Doctor: Based on the symptoms you've described—lightheadedness, dizziness, headache, chest pain, trouble balancing, sweating, and shortness of breath—it seems possible that you may be experiencing heart-related issues, heat exhaustion, dehydration, or an anxiety attack. Would you like to provide any more information about your symptoms or if there have been changes to them?"", 'Patient: I do not have more information.', ""Diagnosis: ['Heart-related issues', 'Heat exhaustion', 'Dehydration', 'Anxiety attack']"", 'Doctor: Based on the symptoms described—lightheadedness, dizziness, headache, chest pain, trouble balancing, sweating, and shortness of breath—it is possible that you may be experiencing heart-related issues, heat exhaustion, dehydration, or an anxiety attack. It is crucial to consult a medical professional for a thorough examination and accurate diagnosis, especially given the combination of symptoms related to heart health. Please seek medical attention promptly, as chest pain and persistent dizziness can be serious signs.']"
23,hypertension,"['Migraine', 'Anxiety Disorder', 'Hypertension', 'Heart Disease']",0,1,3,"[""Patient: I've been having a headache and chest pain. I've also been feeling dizzy and unstable. I'm also having problems focusing."", ""Diagnosis: ['Migraine', 'Anxiety Disorder', 'Hypertension', 'Heart Disease']"", ""Doctor: Based on the symptoms you've described—headache, chest pain, dizziness, unstable feeling, and difficulty focusing—there are several possible conditions that could be affecting you. Could you provide more information about other symptoms you might have, any recent changes in your health, or any known health conditions to help improve the accuracy of the diagnosis?"", ""Patient: I don't have any other symptoms or changes in my health that I'm aware of. I do not have more information."", ""Diagnosis: ['Migraine', 'Anxiety Disorder', 'Hypertension', 'Heart Disease']"", ""Doctor: Based on all the information we've covered, including your symptoms of headache, chest pain, dizziness, instability, and problems focusing, here are some potential conditions: Migraine, Anxiety Disorder, Hypertension, and Heart Disease. Although we've narrowed it down to these possibilities, I strongly advise you to consult a medical professional for an in-depth evaluation and proper diagnosis. Your health is important, and getting a professional's insight will ensure you receive the appropriate care.""]"
24,impetigo,"['Herpes Simplex Virus Infection', 'Measles', 'Chickenpox', 'Scarlet Fever']",0,0,0,"[""Patient: Hello, doctor. I've been having a fever and a headache. I also have sores near my nose and rashes on my neck. I'm really struggling right now."", ""Diagnosis: ['Herpes Simplex Virus Infection', 'Measles', 'Chickenpox', 'Scarlet Fever']"", ""Doctor: I'm sorry to hear you're experiencing these symptoms. To help narrow down the possible causes, could you please provide more details? For instance, the duration of your symptoms, any recent travel history, or if you've noticed any other symptoms like a sore throat, cough, or swollen lymph nodes? This will help me provide a more accurate assessment."", ""Patient: I've had these symptoms for a little while now, maybe a few days. I haven't traveled recently. I don't think I've noticed a sore throat or cough, but I do feel the rashes and sores a lot, and they make me uncomfortable. I have a fever and headache too. I do not have more information."", ""Diagnosis: ['Herpes Simplex Virus Infection', 'Measles', 'Chickenpox', 'Scarlet Fever']"", ""Doctor: Based on the symptoms you've described and considering you have no further questions, the possible causes for your symptoms could include a Herpes Simplex Virus Infection, Measles, Chickenpox, or Scarlet Fever. It's important to seek medical evaluation for a precise diagnosis and appropriate treatment. Please consult a healthcare professional at your earliest convenience.""]"
25,impetigo,"['Scarlet Fever', 'Measles', 'Rubella', 'Dermatitis']",0,0,0,"[""Patient: Hello, doctor. I'm running a fever and I have a rash on my face, neck, and arms. The rash is painful and red. I'm worried about my health."", ""Diagnosis: ['Scarlet Fever', 'Measles', 'Rubella', 'Dermatitis']"", ""Doctor: Based on the symptoms of fever and a painful, red rash on your face, neck, and arms, there are a few potential causes to consider, such as scarlet fever, measles, rubella, or dermatitis. To improve the accuracy of the diagnosis, could you tell me if you've noticed any other symptoms, such as cough, sore throat, or swollen lymph nodes? Also, have you been in contact with anyone who has had similar symptoms recently?"", 'Patient: I do not have more information.', ""Diagnosis: ['Scarlet Fever', 'Measles', 'Rubella', 'Dermatitis']"", ""Doctor: Based on the symptoms you've provided—fever and a painful, red rash on your face, neck, and arms—potential causes include scarlet fever, measles, rubella, or dermatitis. Since you do not have any further questions, I recommend consulting a medical professional for a thorough examination and appropriate testing to get an accurate diagnosis and proper treatment. It is important to address these symptoms promptly, especially if you develop new symptoms or if your condition worsens.""]"
26,jaundice,"['Hepatitis', 'Gallstones', 'Pancreatitis', 'Liver Cirrhosis']",1,1,5,"[""Patient: Hi, I've been feeling really sick lately. I've been itching all over, and I've been vomiting. I've lost a lot of weight and have a fever. My skin has turned yellow, and my urine is dark. I've also been having abdominal pain."", ""Diagnosis: ['Hepatitis', 'Gallstones', 'Pancreatitis', 'Liver Cirrhosis']"", ""Doctor: Based on the symptoms you provided, such as itching, vomiting, weight loss, fever, jaundice, dark urine, and abdominal pain, it's important to consider a few possible conditions including Hepatitis, Gallstones, Pancreatitis, and Liver Cirrhosis. To help narrow down the potential diagnosis, could you provide more information about any additional symptoms or recent activities like changes in diet, travel history, or any recent medication use?"", 'Patient: I do not have more information.', ""Diagnosis: ['Hepatitis', 'Gallstones', 'Pancreatitis', 'Liver Cirrhosis']"", ""Doctor: Based on your symptoms of itching, vomiting, weight loss, fever, jaundice, dark urine, and abdominal pain, the potential conditions could include Hepatitis, Gallstones, Pancreatitis, and Liver Cirrhosis. These conditions can share similar symptoms, but vary in treatment and severity, so it's crucial to consult a medical professional for further evaluation, appropriate testing, and treatment. It's important to address these symptoms as soon as possible, given their serious nature.""]"
27,jaundice,"['Hepatitis', 'Gallstones', 'Liver Cirrhosis', 'Hemolytic Anemia']",1,1,5,"[""Patient: I've been feeling really sick and tired. I've lost weight and have a fever. My urine is dark, and my skin is yellow. I also have stomach pain."", ""Diagnosis: ['Hepatitis', 'Gallstones', 'Liver Cirrhosis', 'Hemolytic Anemia']"", ""Doctor: Based on your symptoms of fatigue, weight loss, fever, dark urine, jaundice, and stomach pain, there are a few possibilities to consider. Conditions such as hepatitis, gallstones, liver cirrhosis, and hemolytic anemia could be related to your symptoms. I'd like to gather more information to improve the accuracy of the diagnosis. Could you describe any additional symptoms or relevant medical history that you might have?"", 'Patient: I do not have more information.', ""Diagnosis: ['Hepatitis', 'Gallstones', 'Liver Cirrhosis', 'Hemolytic Anemia']"", ""Doctor: Based on your reported symptoms of fatigue, weight loss, fever, dark urine, jaundice, and stomach pain, the possible illnesses include hepatitis, gallstones, liver cirrhosis, and hemolytic anemia. Each of these conditions can manifest with the symptoms you've described. Since you've indicated that you have no more information to provide, I strongly advise consulting a medical professional for further evaluation and an accurate diagnosis. They can conduct necessary tests to pinpoint the exact condition and initiate appropriate treatment.""]"
28,migraine,"['Migraine', 'Tension Headache', 'Cervical Spondylosis', 'Glaucoma']",1,1,5,"[""Patient: Hello, doctor. I've been having a lot of headaches lately, and they're getting worse. I also have a sore neck, and I'm feeling anxious and irritated. Additionally, I've been having trouble seeing things clearly."", ""Diagnosis: ['Tension Headache', 'Migraine', 'Cervical Spondylosis', 'Anxiety Disorder']"", ""Doctor: Thank you for providing those symptoms. It sounds like you're experiencing a range of issues including headaches, neck soreness, anxiety, and vision problems. To help improve the accuracy of a diagnosis, could you provide more details such as the duration of these symptoms, any specific triggers or patterns you've noticed, and any other associated symptoms you might be experiencing?"", ""Patient: I've been having these headaches for a while now, and they seem to be getting worse over time. I'm not sure about any specific triggers, but I've noticed that bright lights sometimes make it worse. My neck feels sore, and I've been feeling anxious and irritated more than usual. Sometimes, I have trouble seeing things clearly during the headaches. I do not have more information."", ""Diagnosis: ['Tension Headache', 'Migraine', 'Cervical Spondylosis', 'Anxiety Disorder']"", ""Doctor: I understand that these symptoms can be concerning. Given what you've described: persistent headaches, worsened by bright lights, soreness in the neck, anxiety, and temporary vision issues, there are a few potential causes. Tension headaches and migraines often present with some of these symptoms, while cervical spondylosis can contribute to neck pain and headaches. Anxiety can exacerbate these symptoms. Since we need to ensure an accurate diagnosis, it would be very helpful to know about any medications you're taking, other medical conditions you may have, or lifestyle factors such as stress and posture, if you can provide that information."", 'Patient: I do not have more information.', ""Diagnosis: ['Migraine', 'Tension Headache', 'Cervical Spondylosis', 'Glaucoma']"", 'Doctor: Based on the symptoms you shared, including worsening headaches aggravated by bright lights, sore neck, anxiety, and vision disturbances, there are several possible conditions to consider. Migraines and tension headaches are likely due to the headache patterns and light sensitivity. Cervical spondylosis could be contributing to your neck soreness and headaches. Lastly, vision problems during headaches may also suggest checking for issues like glaucoma. I recommend consulting a medical professional for a thorough evaluation and appropriate treatment. Take care and feel free to consult a healthcare provider at your earliest convenience.']"
29,migraine,"['Migraine', 'Tension Headache', 'Cervical Spondylosis', 'Gastroesophageal Reflux Disease (GERD)']",1,1,5,"[""Patient: Hello, doctor. I've been experiencing frequent headaches and blurred vision. I also have a stiff neck, feel anxious and irritable, and I sometimes have visual disturbances. Lately, I've been having stomach problems too, like indigestion and acidity."", ""Diagnosis: ['Migraine', 'Tension Headache', 'Cervical Spondylosis', 'Gastroesophageal Reflux Disease (GERD)']"", 'Doctor: Thank you for providing those details. To improve the accuracy of a potential diagnosis, could you please tell me more about the nature of your headaches, such as their duration, the timing of their occurrence, and any specific triggers you might have noticed? Additionally, have you experienced any nausea, vomiting, or changes in hearing or balance? This information would be helpful in further narrowing down the possibilities.', ""Patient: My headaches have been quite frequent, and they last for a few hours once they start. They often occur later in the day. I haven't noticed any specific triggers, but they really affect my daily activities. I do feel some nausea sometimes, but there's no vomiting. My hearing seems fine, and I haven't noticed any balance issues."", ""Diagnosis: ['Migraine', 'Tension Headache', 'Cervical Spondylosis', 'Gastroesophageal Reflux Disease (GERD)']"", 'Doctor: Thank you for providing more details. Given the frequent headaches, blurred vision, stiff neck, and indigestion issues, there are a few possibilities we could consider. Migraines often present with headaches, blurred vision, and nausea. Tension headaches might be linked to stress and neck stiffness. Cervical spondylosis could contribute to neck stiffness and headaches, and GERD might explain the stomach problems. Could you tell me more about any particular emotional stress, or lifestyle factors such as diet, posture, or activities that might be contributing? This information might further clarify things.', ""Patient: I have been feeling quite anxious and irritable lately. I haven't noticed any specific changes in my diet or posture, though. As for activities, I lead a pretty routine life with no major changes recently."", ""Diagnosis: ['Migraine', 'Tension Headache', 'Cervical Spondylosis', 'Gastroesophageal Reflux Disease (GERD)']"", ""Doctor: Based on the similarity between your symptoms and common patterns of certain conditions, it seems there are a few notable possibilities: Migraines often come with headaches, blurred vision, and feelings of nausea; tension headaches could relate to stress and neck pain; cervical spondylosis may cause neck stiffness and contribute to headaches; while GERD could explain your digestive issues. Would you like to provide any further details, or if there's anything else you'd like to ask about?"", ""Patient: I've been having frequent headaches and blurred vision, along with a stiff neck. I also feel a lot of anxiety and irritability. There's this visual disturbance that happens as well, and I've been having stomach problems like indigestion and acidity too. I don't have more information."", ""Diagnosis: ['Migraine', 'Tension Headache', 'Cervical Spondylosis', 'Gastroesophageal Reflux Disease (GERD)']"", ""Doctor: Based on the symptoms you've described, the most relevant possibilities include Migraine, Tension Headache, Cervical Spondylosis, and Gastroesophageal Reflux Disease (GERD). Migraines could explain your headaches, blurred vision, and nausea. Tension headaches might be related to your anxiety and neck stiffness. Cervical spondylosis could contribute to your neck stiffness and headaches. Lastly, GERD could account for your indigestion and acidity issues. Given you have no further questions, I advise consulting with a healthcare provider for a more precise diagnosis and personalized treatment plan.""]"
30,peptic ulcer disease,"['Irritable Bowel Syndrome (IBS)', 'Lactose Intolerance', 'Celiac Disease', 'Gastroparesis']",0,0,0,"[""Patient: Hello! I've been feeling really hungry all the time, and I can't seem to get enough to eat. My stomach hurts and cramps sometimes. After I eat, I get really bad gas and bloating."", ""Diagnosis: ['Irritable Bowel Syndrome (IBS)', 'Lactose Intolerance', 'Small Intestinal Bacterial Overgrowth (SIBO)', 'Celiac Disease']"", ""Doctor: I understand you're experiencing increased hunger, stomach pain, cramps, gas, and bloating. These symptoms can be due to several conditions. Could you provide more information, such as any changes in your weight, dietary habits, any other symptoms, or previous medical conditions? This will help improve the accuracy of a possible diagnosis."", 'Patient: I do not have more information.', ""Diagnosis: ['Irritable Bowel Syndrome (IBS)', 'Lactose Intolerance', 'Celiac Disease', 'Gastroparesis']"", ""Doctor: Based on the symptoms you've described, there are a few possibilities for what might be causing your discomfort, such as Irritable Bowel Syndrome (IBS), Lactose Intolerance, Celiac Disease, or perhaps a condition like Gastroparesis. However, it's important to consult a medical professional for an accurate diagnosis and appropriate treatment plan. Remember, a healthcare professional can perform specific tests and evaluations to determine the exact cause of your symptoms.""]"
31,peptic ulcer disease,"['Peptic Ulcer Disease', 'Gastroesophageal Reflux Disease (GERD)', 'Chronic Gastritis', 'Indigestion']",1,1,5,"[""Patient: Hello, doctor. I've been losing weight and having trouble gaining it back. I also feel pain and discomfort in my stomach, which gets better when I take antacids. Lately, I've noticed my mouth tastes bad too."", ""Diagnosis: ['Peptic Ulcer Disease', 'Gastroesophageal Reflux Disease (GERD)', 'Chronic Gastritis', 'Gastroparesis']"", 'Doctor: Based on your symptoms of weight loss, stomach pain relieved by antacids, and a bad taste in your mouth, there are several potential causes. However, to improve the accuracy of the diagnosis, could you please provide more information? It would be helpful to know if you are experiencing any other symptoms such as nausea, vomiting, changes in bowel movements, or any other unusual sensations.', ""Patient: I experience stomach pain that goes away with antacids, but I don't usually feel nausea or vomiting. As for bowel movements, I haven't noticed any significant changes or unusual sensations. I mostly deal with the weight loss and the bad taste in my mouth. I do not have more information."", ""Diagnosis: ['Peptic Ulcer Disease', 'Gastroesophageal Reflux Disease (GERD)', 'Chronic Gastritis', 'Indigestion']"", 'Doctor: Based on your symptoms of weight loss, stomach pain relieved by antacids, and a bad taste in your mouth, the possible conditions could be Peptic Ulcer Disease, Gastroesophageal Reflux Disease (GERD), Chronic Gastritis, or Indigestion. Since you have no further questions, I recommend consulting with a medical professional for a thorough evaluation and accurate diagnosis.']"
32,pneumonia,"['Bronchitis', 'Pneumonia', 'Myocarditis', 'Pulmonary Eosinophilia']",0,1,4,"[""Patient: Hello, doctor. I'm having trouble breathing, and I feel really uncomfortable. I'm sweating a lot, and my throat is really sore. My chest hurts, and my heart is beating fast. I'm also coughing up a lot of mucus, and it's brown."", ""Diagnosis: ['Bronchitis', 'Pneumonia', 'Myocarditis', 'Anxiety Disorder']"", ""Doctor: It sounds like you're experiencing several concerning symptoms including trouble breathing, a sore throat, chest pain, rapid heartbeat, and coughing up brown mucus. Given these symptoms, some potential conditions could be bronchitis, pneumonia, myocarditis, or possibly an anxiety disorder. Could you please provide more information about when these symptoms started, their severity, and any other symptoms you might be experiencing? This will help in improving the accuracy of the diagnosis."", ""Patient: I started experiencing these symptoms a few days ago. The trouble breathing and chest pain feel quite severe. The sore throat makes it uncomfortable to swallow, and the rapid heartbeat happens mostly when I'm trying to rest. I've been sweating a lot even when I'm not doing anything strenuous. I do not have more information."", ""Diagnosis: ['Bronchitis', 'Pneumonia', 'Myocarditis', 'Pulmonary Eosinophilia']"", 'Doctor: Based on the symptoms you described over the past few days—such as severe trouble breathing, chest pain, sore throat, rapid heartbeat at rest, excessive sweating, and coughing up brown mucus—it is advisable to consider potential conditions like bronchitis, pneumonia, myocarditis, or pulmonary eosinophilia. These conditions can present with the symptoms you are experiencing, and some of them require urgent medical attention. It is important that you consult a healthcare professional as soon as possible for a thorough examination and appropriate treatment.']"
33,pneumonia,"['Pneumonia', 'Acute Bronchitis', 'COVID-19', 'Pulmonary Embolism']",1,1,5,"[""Patient: I've been feeling really sick for the past few days. I have a fever, I can't catch my breath, and I'm coughing up a lot of phlegm. My chest hurts, and my heart is racing."", ""Diagnosis: ['Pneumonia', 'Acute Bronchitis', 'COVID-19', 'Pulmonary Embolism']"", ""Doctor: Based on your symptoms of fever, shortness of breath, coughing up phlegm, chest pain, and a racing heart, there are a few possible conditions to consider such as pneumonia, acute bronchitis, COVID-19, or a pulmonary embolism. To provide a more accurate assessment, could you please provide more details? For example, how long have the symptoms been present, have you had any recent travel or exposure to illness, and are there any other symptoms you're experiencing?"", ""Patient: I've been feeling sick for the past few days. I haven't traveled recently, and I don't know about any exposure to illness. I do not have more information."", ""Diagnosis: ['Pneumonia', 'Acute Bronchitis', 'COVID-19', 'Pulmonary Embolism']"", ""Doctor: Thank you for sharing that information. Although some details are still missing, your symptoms do align with conditions like pneumonia, acute bronchitis, COVID-19, or a pulmonary embolism. Since you mentioned not having additional information, it's crucial that you consult a medical professional as soon as possible to get a proper diagnosis and treatment. Would you like to discuss any other symptoms or have any more questions?"", 'Patient: I do not have more information.', ""Diagnosis: ['Pneumonia', 'Acute Bronchitis', 'COVID-19', 'Pulmonary Embolism']"", 'Doctor: Given your symptoms of fever, shortness of breath, productive cough, chest pain, and a racing heart, the potential conditions include pneumonia, acute bronchitis, COVID-19, or a pulmonary embolism. Since you have indicated that you do not have further questions or information to provide, I highly recommend consulting a medical professional promptly to receive an accurate diagnosis and appropriate treatment.']"
34,psoriasis,"['Psoriasis', 'Eczema', 'Fungal Infection', 'Contact Dermatitis']",1,1,5,"['Patient: Hello, doctor. I have a rash on my skin that is red and itchy. It bleeds when I scratch it. I also have little dents in my nails, and they are inflamed.', ""Diagnosis: ['Psoriasis', 'Eczema', 'Contact Dermatitis', 'Fungal Infection']"", 'Doctor: It sounds like you might be experiencing symptoms associated with conditions such as psoriasis, eczema, contact dermatitis, or a fungal infection. Could you provide more information about your symptoms? For instance, are there specific triggers, do you have a history of similar issues, or are there any additional symptoms like joint pain or fever?', ""Patient: I don't have joint pain or fever. I have a rash on my skin that is red and itchy, and it bleeds when I scratch it. My nails have little dents and they are inflamed. I do not have more information."", ""Diagnosis: ['Psoriasis', 'Eczema', 'Fungal Infection', 'Contact Dermatitis']"", ""Doctor: Based on the information you've provided, the conditions that align closely with your symptoms include psoriasis, eczema, a fungal infection, or contact dermatitis. These conditions can often present with red, itchy skin and nail changes. It's important to consult a healthcare professional to receive an accurate diagnosis and appropriate treatment plan, as further examination and testing may be required to identify the precise cause.""]"
35,psoriasis,"['Psoriasis', 'Eczema', 'Systemic Lupus Erythematosus', 'Rheumatoid Arthritis']",1,1,5,"[""Patient: Hello, doctor. I've had this rash on my arms, legs, and chest for a few weeks. It's red and itchy, and it's covered in dry, scaly spots. I also have some pain in my joints."", ""Diagnosis: ['Psoriasis', 'Eczema', 'Systemic Lupus Erythematosus', 'Rheumatoid Arthritis']"", 'Doctor: Based on your symptoms of a red, itchy rash with dry, scaly spots and joint pain, there are a few conditions that could potentially match, such as psoriasis, eczema, systemic lupus erythematosus, or rheumatoid arthritis. Can you provide more information about any recent changes in your environment, medications you are taking, or other symptoms you might be experiencing? This will help improve the accuracy of the diagnosis.', 'Patient: I do not have more information.', ""Diagnosis: ['Psoriasis', 'Eczema', 'Systemic Lupus Erythematosus', 'Rheumatoid Arthritis']"", ""Doctor: Based on the symptoms you've shared, including the persistent red, itchy rash with dry, scaly spots and joint pain, it's possible you are experiencing conditions such as psoriasis, eczema, systemic lupus erythematosus, or rheumatoid arthritis. Given that you have no further details to provide, I recommend consulting a medical professional who can perform a thorough examination and possibly conduct further tests to confirm the diagnosis and determine the best treatment plan.""]"
36,typhoid,"['Travelers Diarrhea', 'Gastroenteritis', 'Food Poisoning', 'Viral Infection']",0,0,0,"[""Patient: Hello, doctor. I've been having diarrhea for a few days now with loose, watery stools. I have to go to the bathroom a lot. I feel nauseated and have lost my appetite. I also have a mild fever."", ""Diagnosis: ['Gastroenteritis', 'Food Poisoning', 'Irritable Bowel Syndrome (IBS)', 'Inflammatory Bowel Disease (IBD)']"", 'Doctor: Based on your symptoms of diarrhea, nausea, loss of appetite, and mild fever, there are a few potential causes. Common possibilities include gastroenteritis, food poisoning, irritable bowel syndrome, or inflammatory bowel disease. To improve the accuracy of the diagnosis, could you provide more details? For instance, are you experiencing abdominal pain, any changes in the color or consistency of the diarrhea, or if there have been any recent dietary changes or travel?', ""Patient: I have mild abdominal pain, and the diarrhea is loose and watery. I haven't made any recent dietary changes, but I did travel recently. "", 'Diagnosis: [\'Gastroenteritis\', \'Food Poisoning\', ""Traveler\'s Diarrhea"", \'Viral Infection\']', ""Doctor: Thank you for sharing more details. Given your recent travel history and the symptoms you've mentioned, another possibility to consider is traveler's diarrhea, which can occur after going to different regions and being exposed to new bacteria. I recommend monitoring your symptoms closely. Could you provide more information about the duration of your travel, where you visited, and measures you've taken since the symptoms started? This might help us better understand the situation."", 'Patient: I do not have more information.', ""Diagnosis: ['Travelers Diarrhea', 'Gastroenteritis', 'Food Poisoning', 'Viral Infection']"", ""Doctor: Based on your recent travel history, loose watery stools, nausea, mild fever, and abdominal pain, traveler's diarrhea seems to be a likely cause. Other potential causes include gastroenteritis, food poisoning, or a viral infection. Since you have no further questions, I recommend consulting a medical professional who can offer a definitive diagnosis and appropriate treatment options. It's important to stay hydrated, and consider seeking medical attention if symptoms persist or worsen.""]"
37,typhoid,"['Peptic Ulcer Disease', 'Gastroparesis', 'Gastroenteritis', 'Irritable Bowel Syndrome']",0,0,0,"[""Patient: I've been feeling really weak. I've been having a lot of stomach pain and constipation, and I've been vomiting a lot. I can't eat anything because of the pain."", ""Diagnosis: ['Gastroenteritis', 'Irritable Bowel Syndrome', 'Peptic Ulcer Disease', 'Gastroesophageal Reflux Disease']"", ""Doctor: I'm sorry to hear that you've been feeling this way. To better understand what might be causing your symptoms, could you provide more information? For instance, when did these symptoms start, and have you noticed anything that makes them better or worse? Any additional details about recent dietary changes, medications, or stress levels could help in assessing your condition."", ""Patient: I started feeling weak and having stomach pain a few days ago. The pain makes it difficult for me to eat without vomiting. I haven't changed my diet recently, and I haven't started any new medications. I'm not sure if stress is affecting it. I do not have more information."", ""Diagnosis: ['Peptic Ulcer Disease', 'Gastroparesis', 'Gastroenteritis', 'Irritable Bowel Syndrome']"", ""Doctor: Based on the symptoms you've described, the likely possibilities for your condition include Peptic Ulcer Disease, Gastroparesis, Gastroenteritis, or Irritable Bowel Syndrome. I recommend that you consult a medical professional for a thorough evaluation and appropriate testing to confirm the diagnosis and to get started on the right treatment plan.""]"
38,urinary tract infection,"['Urinary Tract Infection (UTI)', 'Bladder Infection', 'Kidney Infection (Pyelonephritis)', 'Interstitial Cystitis']",1,1,5,"[""Patient: I have a pain in my lower abdomen and I feel like I have to pee all the time. When I do pee, it burns and I feel like I'm not getting everything out. I've also been feeling really cold and weak."", ""Diagnosis: ['Urinary Tract Infection (UTI)', 'Bladder Infection', 'Kidney Infection (Pyelonephritis)', 'Interstitial Cystitis']"", 'Doctor: Thank you for sharing these details. Based on your symptoms, some possible conditions could include a urinary tract infection, a bladder infection, or potentially a kidney infection. Each of these can cause the symptoms you are experiencing. To provide a more accurate diagnosis, could you let me know if you have any other symptoms, such as fever, back pain, or blood in your urine? This additional information can be very helpful.', ""Patient: I've been feeling really cold and weak, but I haven't noticed a fever or any back pain. I also haven't seen blood in my urine."", ""Diagnosis: ['Urinary Tract Infection (UTI)', 'Bladder Infection', 'Kidney Infection (Pyelonephritis)', 'Interstitial Cystitis']"", 'Doctor: Thank you for providing more information. Given your symptoms of lower abdominal pain, frequent urination with burning, and feeling cold and weak, some potential conditions could include a urinary tract infection, bladder infection, kidney infection, or interstitial cystitis. These conditions can present with similar symptoms, but further details like changes in urination, nausea, or changes in odor could help refine the diagnosis. Could you share any more details about your symptoms?', ""Patient: I've noticed that when I pee, it feels like I'm not getting everything out, and I've also felt a bit cold and weak. But I don't know about changes in urine odor or any nausea. I do not have more information."", ""Diagnosis: ['Urinary Tract Infection (UTI)', 'Bladder Infection', 'Kidney Infection (Pyelonephritis)', 'Interstitial Cystitis']"", ""Doctor: Based on the symptoms you've described—lower abdominal pain, sensation of incomplete urination, burning sensation during urination, and feeling cold and weak—the potential conditions could include a urinary tract infection, bladder infection, kidney infection, or interstitial cystitis. These require medical evaluation for confirmation. I recommend consulting a healthcare professional for an appropriate assessment and management plan.""]"
39,urinary tract infection,"['Urinary Tract Infection (UTI)', 'Bladder Infection', 'Kidney Stones', 'Interstitial Cystitis']",1,1,5,"[""Patient: I've been having a hard time peeing. It hurts when I go, and it's bloody. My head hurts, and my urine smells really bad. I can't control when I have to go, and it's really urgent when I do."", ""Diagnosis: ['Urinary Tract Infection (UTI)', 'Bladder Infection', 'Kidney Stones', 'Interstitial Cystitis']"", 'Doctor: Based on your symptoms, there are several potential conditions to consider including a Urinary Tract Infection, Bladder Infection, Kidney Stones, or Interstitial Cystitis. To improve the accuracy of the diagnosis, could you provide more details about the symptom duration, any fever or nausea, and any recent changes in lifestyle or hydration habits?', ""Patient: I've been having these symptoms for a few days. I haven't noticed any fever or nausea. I haven't made any recent changes in lifestyle or hydration habits."", ""Diagnosis: ['Urinary Tract Infection (UTI)', 'Bladder Infection', 'Kidney Stones', 'Interstitial Cystitis']"", ""Doctor: Thank you for providing more information. Even though there's no fever or nausea, your symptoms still strongly align with possibilities like a Urinary Tract Infection, Bladder Infection, Kidney Stones, or Interstitial Cystitis. If you could let me know about any recent incidents such as starting new medications or any instances of lower abdominal pain, it may help refine the diagnosis further."", 'Patient: I do not have more information.', ""Diagnosis: ['Urinary Tract Infection (UTI)', 'Bladder Infection', 'Kidney Stones', 'Interstitial Cystitis']"", ""Doctor: Based on the symptoms you've described, including the painful and bloody urination, bad-smelling urine, and urgency in urination, the most likely conditions are a Urinary Tract Infection, a Bladder Infection, Kidney Stones, or Interstitial Cystitis. It's important to consult with a healthcare professional to confirm the diagnosis and determine the best course of treatment. They may recommend urine tests or imaging studies to provide clarity and guide effective treatment.""]"
40,varicose veins,"['Chronic Venous Insufficiency', 'Peripheral Artery Disease', 'Deep Vein Thrombosis', 'Vitamin Deficiency (e.g., Vitamin C or K Deficiency)']",0,1,5,"[""Patient: I've been having cramps in my calves when I walk or stand for long periods of time. I've also noticed bruise marks on my calves, and I feel tired very soon."", ""Diagnosis: ['Chronic Venous Insufficiency', 'Peripheral Artery Disease', 'Deep Vein Thrombosis', 'Vitamin Deficiency (e.g., Vitamin C or K Deficiency)']"", 'Doctor: To improve the accuracy of the diagnosis, it would be helpful to gather more details about your symptoms. Can you tell me if there are any other symptoms you are experiencing, any recent changes to your lifestyle, diet, or any medical history that could be relevant?', 'Patient: I do not have more information.', ""Diagnosis: ['Chronic Venous Insufficiency', 'Peripheral Artery Disease', 'Deep Vein Thrombosis', 'Vitamin Deficiency (e.g., Vitamin C or K Deficiency)']"", ""Doctor: Based on your symptoms of calf cramps, bruising, and fatigue, the possible conditions include Chronic Venous Insufficiency, Peripheral Artery Disease, Deep Vein Thrombosis, and a Vitamin Deficiency such as Vitamin C or K Deficiency. Since you don't have any further questions, I strongly advise consulting a medical professional for a detailed examination and precise diagnosis.""]"
41,varicose veins,"['Varicose Veins', 'Thrombophlebitis', 'Cellulitis', 'Contact Dermatitis']",1,1,5,"[""Patient: Hello, doctor. I've noticed some red and inflamed skin on my legs, and I think I can see some of the swollen blood vessels. I'm really worried about it."", ""Diagnosis: ['Varicose Veins', 'Thrombophlebitis', 'Cellulitis', 'Contact Dermatitis']"", 'Doctor: It seems like you might be experiencing issues related to your vascular system or possibly a skin condition. Could you provide more details about your symptoms? For example, have you noticed any pain, warmth, fever, or recent changes in skin care products? This additional information could help refine the potential diagnosis.', ""Patient: I have some red and inflamed skin on my legs, and I think I can see some of the swollen blood vessels. I have not noticed any fever, but there are times when my legs feel a bit achy and heavy. I haven't changed any skin care products recently. I do not have more information."", ""Diagnosis: ['Varicose Veins', 'Thrombophlebitis', 'Cellulitis', 'Contact Dermatitis']"", ""Doctor: Based on the symptoms you've described, including the red and inflamed skin on your legs accompanied by swollen blood vessels and a heavy, achy sensation, the potential conditions could include Varicose Veins, Thrombophlebitis, Cellulitis, or Contact Dermatitis. However, because you're experiencing visible swollen veins and heaviness without fever or recent changes in skincare, Varicose Veins or Thrombophlebitis are more likely. It's important to consult a healthcare professional to evaluate your symptoms thoroughly and obtain a precise diagnosis. They can offer the appropriate treatment and management options for your condition.""]"